{
  "decision_tree": {
    "accuracy": 0.9251700680272109,
    "f1": 0.9265373710724512,
    "auroc": 0.9626068376068376
  },
  "logistic_regression": {
    "accuracy": 0.8503401360544217,
    "f1": 0.8461267389838819,
    "auroc": 0.9223646723646722
  },
  "linear_regression": {
    "rmse": 144.5997344233921,
    "r2": 0.015822500989790544
  }
}